,precision,recall,f1-score,support
0.0,0.9976179842191455,0.9136896645759477,0.9538111166465021,7334.0
1.0,0.9199038339870935,0.9978040076859731,0.9572717097899797,7286.0
accuracy,0.9556087551299589,0.9556087551299589,0.9556087551299589,0.9556087551299589
macro avg,0.9587609091031195,0.9557468361309605,0.9555414132182409,14620.0
weighted avg,0.9588884836315442,0.9556087551299589,0.9555357323539836,14620.0
