{"euribor3m":{"0":0.1336201446},"campaign":{"0":0.0785027392},"education":{"0":0.0735541876},"cons.conf.idx":{"0":0.0664134225},"nr.employed":{"0":0.0627035773},"pdays":{"0":0.0422193056},"cons.price.idx":{"0":0.0396783857},"emp.var.rate":{"0":0.0247587291},"previous":{"0":0.0230216563},"housing_no":{"0":0.0222484127},"housing_yes":{"0":0.0217268828},"job_admin.":{"0":0.0216812048},"young":{"0":0.0189768731},"marital_married":{"0":0.0181091311},"middle":{"0":0.0176135945},"job_technician":{"0":0.0170620053},"marital_single":{"0":0.0166470205},"day_of_week_thu":{"0":0.015937591},"day_of_week_mon":{"0":0.0152498535},"month_may":{"0":0.0149395995},"loan_no":{"0":0.0147709344},"day_of_week_wed":{"0":0.0146999416},"loan_yes":{"0":0.0146833581},"day_of_week_fri":{"0":0.0145454352},"day_of_week_tue":{"0":0.0144339954},"middlish":{"0":0.0141923758},"job_blue-collar":{"0":0.0140954362},"poutcome_nonexistent":{"0":0.0138323186},"marital_divorced":{"0":0.0118464964},"job_management":{"0":0.0114788088},"job_services":{"0":0.0113469204},"old":{"0":0.0102461834},"contact_cellular":{"0":0.0100703047},"contact_telephone":{"0":0.0098574059},"job_retired":{"0":0.0087139273},"default_no":{"0":0.0083092218},"default_unknown":{"0":0.0079775495},"younger":{"0":0.0076973378},"job_self-employed":{"0":0.0076594536},"job_entrepreneur":{"0":0.0073377393},"job_unemployed":{"0":0.0054720949},"job_housemaid":{"0":0.0051786016},"month_jun":{"0":0.0037029731},"loan_unknown":{"0":0.0029467603},"housing_unknown":{"0":0.0029104467},"month_jul":{"0":0.0026935734},"month_aug":{"0":0.002293791},"job_unknown":{"0":0.0017799688},"marital_unknown":{"0":0.0005623293},"default_yes":{"0":0.0}}